trial_number,value,bagging_temperature,depth,l2_leaf_reg,learning_rate,random_strength,subsample
0,0.520396452319918,0.0011075258326998189,9,4.863469135872181,0.004210001027390208,0.7167278236791734,0.6615400946547692
1,0.3910898862791071,0.5060370957983056,8,4.2486058494642505,0.0060849009955448495,0.6215241866703984,0.8653451396559311
2,0.4877253255834338,0.955736884037152,7,4.293136145958255,0.004818830225818738,0.6413717235590026,0.7097008092537371
3,0.24396065402226336,0.07267913308556162,10,5.176937130083453,0.008784470858612534,0.4001826521229131,0.831705756170188
4,0.6420929543654432,0.696708945220168,4,5.3426688420657245,0.003968736166480683,0.14611192820759508,0.9506637011380211
5,0.12274386279749785,0.7108590773400427,12,2.028219369315485,0.012672923813738116,0.2567203408455117,0.8463131126238277
6,0.33304466435847735,0.019771394496768943,6,5.7717411551759925,0.007928156017920164,0.712083415719282,0.7139762614358888
7,0.7075958330597095,0.0018987254354272513,4,4.165983968953264,0.00310491415717123,0.33688122194687925,0.7777121880304823
8,0.65869146067143,0.026556935224896404,6,1.5970635994787927,0.0028736267518230667,0.1108264422329726,0.7890412900570217
9,0.738678931931882,0.003133818843891399,7,5.908039681589263,0.002159633682102255,0.6186849237615425,0.6085340495803326
10,0.05026825135471076,0.13293228694140546,12,1.9292356335886849,0.019608727579357044,0.2040046420487078,0.981582792848965
11,0.04182338344944858,0.1687381292984617,12,1.9942056197216642,0.021529186239897587,0.196682955696882,0.9959790430767224
12,0.0322637329896688,0.13215222633632795,12,2.431277371554659,0.02516210709842865,0.18817424911787106,0.9908764120517621
13,0.030224367500770215,0.18557826912235573,11,1.026875641125422,0.02671465625244104,0.1671758298975713,0.9117568743933535
14,0.028105370786151454,0.22150657111545832,10,1.0320148072028603,0.029558943071229634,0.10532886122085397,0.9033984151965663
15,0.028570025251186272,0.3096471807227952,10,1.02113169616466,0.029183304311984497,0.10918118213779895,0.9087108198256987
16,0.0796045472993337,0.012635148058543188,10,1.0441957917134577,0.01603128107769786,0.10147699022725054,0.8983985488061575
17,0.1528396897801739,0.3265700104825322,10,8.792152922689484,0.011854465415117671,0.12288047748288886,0.9160966193511685
18,0.03212094424810243,0.06407863649413424,9,1.3481850372634536,0.029294624222992595,0.13720904686345073,0.8171424425276729
19,0.09600541531244708,0.3220563425588532,9,1.3593322964498975,0.015502734770265808,0.4837489929580135,0.7173194383881668
20,0.05896066873303121,0.00650673546245865,11,3.2428426937685186,0.0188382458885323,0.25655440128496443,0.8833579349681224
21,0.02892979036604379,0.05903728445914394,11,1.0377756897410417,0.02740603630982115,0.1466780113304835,0.9332567935708016
22,0.040991673752840976,0.06101084608943335,11,1.2489235288900098,0.024013845793734296,0.9363324880754047,0.9369311186157552
23,0.030079061879165175,0.04496008905556362,10,1.0399676062445133,0.028217687339044083,0.13436496807248358,0.8778909099056387
24,0.15003529973726368,0.25868559575954586,11,1.569570720163342,0.011305362201412018,0.10861335457844315,0.9492194852475306
25,0.0807299765244945,0.08721332989511618,8,1.2295437479218787,0.017570653178594898,0.1602107775222613,0.8044047342398394
26,0.050999683557859596,0.4158624725931858,9,1.6135085081653078,0.021744236870100474,0.2425477862107488,0.7493725515306764
27,0.10672224493746318,0.03929326825524671,10,1.1831766581853773,0.013813377982886954,0.10136280675508735,0.8517242280293598
28,0.19470683604814848,0.014229300751894136,11,2.4905173432354473,0.009747688369925211,0.12562939876854176,0.9518366189502706
29,0.03167068511413303,0.100260436620526,9,1.441266065074525,0.02958364368728844,0.16639421985182987,0.7525503211203689
30,0.048871349924680625,0.19613751279841446,8,1.8307916607758696,0.023842776293238357,0.11997394574038935,0.6625627459264765
31,0.027752879999320697,0.03996446731708079,10,1.003039088548681,0.029942587883370286,0.14011784243809092,0.8837559984178349
32,0.04901452327246523,0.032202211827287004,10,1.1327711995630851,0.020716271649496836,0.14747591162683216,0.910349715683979
33,0.03385826673938522,0.010035673345924217,11,1.000399173067468,0.024939930448953238,0.22199718095213736,0.8661274574499079
34,0.3328587781504911,0.4948801481591225,10,1.2209132853862454,0.0064999199603172336,0.11733776940815557,0.9293532313856715
35,0.031982551914204446,0.04872002484375157,9,1.4057630289681613,0.02945730139250818,0.17617681594051882,0.826182068003653
36,0.0949137970232407,0.10513067128228641,7,1.1373131266634677,0.017255337584356982,0.14732685327933528,0.8477123127537677
37,0.04438307383294096,0.7441662544805259,10,1.693185883425245,0.02252673710704159,0.3418907668871373,0.8894734519718807
38,0.09627714510930986,0.02083350655555277,12,2.3306022743665404,0.014277245773014247,0.13390089359440435,0.9721551462597667
39,0.060920382649742436,0.8866877655097961,11,7.437865278546381,0.01878727140385357,0.10265016922340037,0.9657513868720782
40,0.5416095080151974,0.005980734757901055,5,3.5130812012412513,0.004736398687069264,0.15379372098389105,0.8623002036911672
41,0.03203369822388812,0.04373109525007995,10,1.0534264548655197,0.026998897073641608,0.13523660551845634,0.8732470703477645
42,0.04087413230060823,0.02815529486555017,8,1.1283068325931986,0.02678460324545066,0.11660817844474039,0.8881811329664344
43,0.02871779743559876,0.07538462327779742,10,1.353153852928102,0.029583366590435752,0.13023227831434345,0.9245240197525292
44,0.04602311266919102,0.23632321725646022,9,1.2961587339073863,0.022734160596680486,0.18196194050511436,0.9181468235540706
45,0.04810161504461186,0.07545295357292274,11,1.4806219716818418,0.020456869023550595,0.22438862287103906,0.9325951139327143
46,0.03168045390417517,0.1606835848918283,12,1.0032618031612082,0.02529383267876043,0.430935451607099,0.9602303328139844
47,0.03306719117256569,0.12918672677957962,9,1.752255277750361,0.029176363858257368,0.2875728045360371,0.8958258261181837
48,0.03693712859223022,0.020135403316597078,10,2.138808674133115,0.024392174279501144,0.1092193655096783,0.9926447543672069
49,0.5634123779655654,0.001092563490809704,8,1.1276849741263575,0.003601200143665453,0.12690286863285752,0.6069484368374072
50,0.7164001010901097,0.3646719186372448,11,1.3075539561287945,0.002100474553312137,0.2071409221596391,0.8389238581672659
51,0.031802619192100874,0.034429373027258965,10,1.063628323760547,0.027034406963437313,0.13984788042828644,0.9372546894661674
52,0.02800035436942334,0.05135836527988253,10,1.1089609409124825,0.029882637812501046,0.12909635291089028,0.9105869900145858
53,0.044182268342355446,0.061327521380846094,10,1.5176541224922728,0.02206914069949441,0.11548745527523921,0.9065303655032009
54,0.02662196055263925,0.05268873197051762,11,1.2276201759405845,0.029867876561340368,0.16127821958970792,0.920158035405371
55,0.028123554676342276,0.1251454126718623,10,1.311843504797348,0.029694483719067025,0.10072408818434418,0.8062707788347747
56,0.04732215703854331,0.2669347809306869,12,1.2321041789897145,0.01984785235509214,0.1072095738213501,0.8024979042937732
57,0.03264648976722681,0.11733705886854531,11,1.1557934987539897,0.025194216256478993,0.10190874078699698,0.8560484894931344
58,0.030969058609510405,0.5817600733478022,9,1.3851843018267769,0.02996314020998177,0.16186360748505788,0.7800396504695584
59,0.0773650245492988,0.18512117454418706,9,4.561643279566344,0.017337796844628522,0.11281026121573436,0.7606221772702154
60,0.3712961844368897,0.14307054949497786,10,1.1011335653004093,0.005862561820911552,0.12845174003426954,0.8258004940422812
61,0.03291462940042175,0.08391222541585439,10,1.2995201101366816,0.02645708244915082,0.12335634671325167,0.9189714546900787
62,0.03860733049035219,0.049408874432580366,11,1.2330759472936759,0.02272826384281553,0.14249496842015769,0.8747211278665074
63,0.02805547668474353,0.09349337308550454,10,1.612736784627818,0.029996204529987223,0.11152368232088508,0.8976054540403089
64,0.03050916540437311,0.2115582061064669,11,1.6430585363211252,0.026592816017263578,0.10012088786421178,0.896307699822302
65,0.03861330816539535,0.02506243407267721,10,2.8994280664712813,0.024007803935472007,0.11262794103026877,0.7286542092722843
66,0.06426623218651939,0.2968333341844521,9,1.4588838367813635,0.018729793220863822,0.12003488930735813,0.9492928951060496
67,0.04722527494417782,0.10779575831673666,10,1.0032776161063832,0.02103394584934457,0.15660976688606787,0.6920780309299123
68,0.028826035829814196,0.0016499380996114219,11,1.188773832639061,0.027775698618677677,0.12695423268051734,0.806686068331292
69,0.0428340119834541,0.051997192890201736,10,1.0957122241806292,0.023595005805794583,0.5639555437071251,0.9051542983220396
70,0.2135298433830974,0.037353869242547896,8,1.5430086891334724,0.009681026209376884,0.10930280945989435,0.9799463442603051
71,0.02825592955628898,0.07772519487653061,10,1.3757099607846173,0.029989239461987616,0.13226400009924766,0.9208591216883989
72,0.034016974371071866,0.06617185440395741,9,1.2935920042830997,0.027902749249496574,0.17063946663981222,0.9392497312341833
73,0.05140605783692675,0.15692395827599742,6,1.8724174899285548,0.029863023934165366,0.15195279977024612,0.8860961634487657
74,0.6833636132564633,0.09444927038700507,10,1.083178089236347,0.0023711162951918496,0.1396583309178002,0.8764771833487408
75,0.04094610147417979,0.4073165273454786,9,1.4143384473931047,0.02586526514648679,0.8725976793318037,0.9084754834728553
76,0.03413114083299471,0.016235697440472607,11,1.1876775855001638,0.024567450273379088,0.10809554383875694,0.8393142922987574
77,0.030653186038228305,0.02615280574136863,10,1.254939350405962,0.02792483537282932,0.18978452222820566,0.6224324913712735
78,0.024275849255424024,0.08654051265331912,12,1.065356571175685,0.02994209126070358,0.11729977297478231,0.8616567523174841
79,0.03871652657604707,0.08136817580083548,12,1.3558734606614857,0.022033132848519755,0.1196409256832652,0.8517164704947813
80,0.07854375070124577,0.04040595913845701,12,1.713101727755299,0.015693259647251184,0.13531740848015625,0.8712604791785122
81,0.03233871758146754,0.05406709672325989,11,1.0721680172993115,0.02539089785446215,0.10666135672109284,0.8961315404712793
82,0.026111868702714786,0.12579408476893922,12,1.1767224526178128,0.028066999996961054,0.11884903975587502,0.862875496307355
83,0.024407256723402007,0.12912720455599172,12,1.1742183574689111,0.029866109817857114,0.12157656982359709,0.8603257433254731
84,0.02730097170651143,0.1239132395616122,12,1.16627161535321,0.027333529574549112,0.11796667414863209,0.8608159194165658
85,0.027406220063312482,0.2162938425630003,12,1.1458859450602872,0.027451791858922332,0.11912185699286293,0.8593849348594446
86,0.0343444787422864,0.1803883912697202,12,1.1927704465400288,0.023531340702526996,0.12232412791444415,0.8632306604903023
87,0.02780750873809713,0.09615191212801837,12,1.1330672354109301,0.02732013440853239,0.1451432159821781,0.8409131427869739
88,0.028999786816101037,0.06609098859612579,12,1.141908504394914,0.02613807734746614,0.14781547405573897,0.8383365784576273
89,0.0421444437719698,0.15058788023327366,12,1.069993508943997,0.021146313762475465,0.1700599937632092,0.81931594056157
90,0.030380164582383583,0.11669937493788488,12,6.766468652736974,0.027544280027818186,0.1414055282722098,0.858992999048594
91,0.025711491901105606,0.09674631278602373,12,1.1569698495132357,0.02827775535875646,0.11516687327070363,0.8844751373087395
92,0.0263308000496484,0.10611851819919234,12,1.1762174074740859,0.028050289452288324,0.12925845693540175,0.8456162903363668
93,0.030308865818693166,0.09851159256033015,12,1.2476194642303884,0.02552295476195948,0.11599056424587113,0.8346437823651381
94,0.038345465150895555,0.13158591158605418,12,3.8692622648018724,0.02311271044511697,0.15672896725923474,0.845515643618168
95,0.28773539333636,0.10883447980220105,12,9.742309479903824,0.007685018294821482,0.12466330582507097,0.8833160985072687
96,0.027583284386270356,0.23232463975989787,12,1.0003101135961163,0.027186881096563194,0.13504285053982729,0.8276743914235182
97,0.026558309977785036,0.23010510353701408,12,1.0000146730979318,0.027707398397406553,0.13625465702419576,0.8172729512894656
98,0.026690017801462976,0.22810384047038115,12,1.0385505987048613,0.027941462876141885,0.1326831809849614,0.8270029817103518
99,0.03262400542652914,0.21031132414175205,12,1.1706206101940766,0.024353333832767787,0.11689984781887426,0.7925502946528429
100,0.04783572046098562,0.17059779821807322,12,1.0577823267971973,0.019642497446929922,0.13004522851166905,0.8121643879473761
101,0.026569388933208593,0.23831222696138094,12,1.002999806808933,0.027863434033116502,0.13642248993806047,0.8308717781967723
102,0.028868248265362325,0.244984672211872,12,1.051526763675898,0.02614677403570885,0.12082782736540842,0.8524735831677603
103,0.028198983866247303,0.27432982486548574,12,1.1909123364872127,0.027575046967615955,0.35725195313891034,0.8680462401084452
104,0.03718818243783577,0.3439693761629794,12,1.1067971639752139,0.02252838064646162,0.14895941973777888,0.8263755846594923
105,0.026257441668267323,0.14252299990914402,12,1.2650465953704735,0.02831565678062698,0.1125794909501118,0.8183170122801129
106,0.03162835225033118,0.13016455838118834,12,1.2619371661344152,0.02471692161893106,0.11307741797601745,0.7806896681622606
107,0.02805374388549025,0.1442363261071404,11,1.4725106369818712,0.028379556139177396,0.10498106029716119,0.8182420791259063
108,0.025834823352856025,0.1947020803288079,12,1.3335702350263656,0.028581772773212947,0.12604087058565047,0.8471417984920172
109,0.0261490245098436,0.18478235126216036,12,1.2965874577074719,0.028405799814633242,0.16380039671634022,0.7961007111264569
110,0.03821872139621366,0.1684717163698981,11,1.3232381117671064,0.023571526018100395,0.2864072658014611,0.7965577523165094
111,0.030238321201667074,0.19886848130189402,12,1.2247168898916674,0.025621728030940615,0.1637644880622091,0.7858577685201016
112,0.02568595550857542,0.3179753981172009,12,1.0341520745477952,0.028842341150812835,0.13095767987722015,0.7712918943781173
113,0.0258417811507081,0.5298928249249972,12,1.280792488496664,0.028619446524052395,0.1253513882460443,0.7651859204858488
114,0.02998029429451859,0.44584629593398156,12,1.4185869628432841,0.025854960760348107,0.12774952454831767,0.7447186854006393
115,0.02613373337975248,0.6252533745822101,12,1.2814928911917665,0.028704431942213438,0.12386979907984859,0.767255802154118
116,0.026227502300246553,0.6482851966756412,12,1.3204356193523408,0.028482889696630827,0.11351400404835203,0.7711220380677515
117,0.03981948359184706,0.6939191322302317,12,1.4981583861022227,0.021827379519314426,0.11196491781766676,0.7633427468405879
118,0.11956238737189587,0.9925877468851715,4,1.34921997055485,0.024543379482465048,0.12444269980498239,0.7651272624302898
119,0.026169611613462145,0.5656442847072991,12,1.2811668218956649,0.028705825193112152,0.1040550182330116,0.7738397067310915
120,0.027565730457823113,0.5986594432274891,11,1.281620349070784,0.028571384960928845,0.1056607826039902,0.7727521516589578
121,0.026224182967137355,0.6788419537803295,12,1.4223493874246707,0.028569933207757733,0.1138360228609248,0.7432354078561502
122,0.02940038235600839,0.5209142345728164,12,1.4214662106651217,0.026107747304509123,0.10438488001367686,0.7356787631012521
123,0.02642692002744629,0.7946519521090964,12,1.555060278656894,0.028497648904366242,0.11256846024361107,0.7706748286474341
124,0.0327332786720826,0.5927179111595275,12,1.3201658609396365,0.02438894394368505,0.10776312540742472,0.7844452927854301
125,0.026007598069133584,0.6695787039288384,12,1.3890821850707353,0.02882884795297836,0.11611931866255976,0.7478832545495032
126,0.029615595484433942,0.6785240102544866,12,1.3825226450365216,0.02611196105327802,0.12134773140414572,0.7459349974983973
127,0.03740356445526312,0.47887663678473996,11,1.776465451983013,0.023432414246994875,0.10159770946005722,0.7545459366201981
128,0.02517101787541499,0.8247164378759316,12,1.5985396672844667,0.029794043199456634,0.11582358806631482,0.7219880449714313
129,0.12969414470121501,0.8211247991451027,12,2.7612067688653608,0.012278466007881735,0.11902084382430282,0.704719118983325
130,0.027304056813212498,0.38288166068381896,11,2.1008999982317538,0.02984163509186185,0.12644416738647823,0.7307934190267288
131,0.025132708896868916,0.5574957698876917,12,1.614449277085233,0.02994458527930673,0.11663188016324849,0.7404171455637555
132,0.029263112035216598,0.898004075035788,12,1.6537159658005496,0.02644954542835178,0.10778044575865314,0.7426777540848479
133,0.02611064239434408,0.5255008589573418,12,1.5646075745297825,0.029063165698736185,0.12338411632274326,0.7217080827875108
134,0.02447158882462783,0.525754837229762,12,1.5962227935197113,0.029850346111243566,0.12388356810352968,0.7169792839647748
135,0.0255960387514198,0.4520642853001553,12,1.9292642656592869,0.029708995618927883,0.12480875905075317,0.7218366230102802
136,0.02473651422084742,0.4304761919568205,12,1.9783859364836134,0.029965865047860408,0.14221397500667685,0.7175118379220573
137,0.02528283247776448,0.3187948264764401,12,1.9644747484975433,0.02993245301960454,0.14212253847929562,0.7149291285800843
138,0.025201909731640295,0.4367727137188604,12,1.866602807813219,0.02982108366767823,0.14196263124630967,0.7135817670010449
139,0.03174965891961887,0.431823131780078,11,1.9664062394040513,0.0264061581315561,0.14213921557151654,0.6968103620566155
140,0.031405525018916525,0.3074924854944604,12,2.1486230584869195,0.02526357426023088,0.1529833337434919,0.7095420847076285
141,0.029137845752262748,0.4961834578343709,12,1.8786673650982795,0.02666130751197443,0.1405633674416838,0.7200314910345387
142,0.02564488777068025,0.3541130078937535,12,2.029926285255131,0.029703266066606206,0.12849562586668117,0.7234200454767894
143,0.02524871002675493,0.38085195821045265,12,2.2488850900883013,0.029952123204656077,0.13366862089307385,0.6835591628700957
144,0.02544427084900227,0.3533105739552651,12,2.014351125563523,0.029819156588024406,0.13395144398963357,0.6885180131330095
145,0.025879516833144704,0.33728257194750905,12,2.2834062774681443,0.029845921422784402,0.13407942157316216,0.6824580342113112
146,0.025242605149244642,0.3781120184895459,12,2.0121239288267185,0.029921917371459637,0.14642473239851508,0.6820977008090348
147,0.025601012259853118,0.36518803616262374,12,2.0639637059885274,0.02990174804744242,0.14762010078508633,0.6737343346824897
148,0.02920865473100001,0.38579890964042285,12,2.2420974208496722,0.02658658289477116,0.14904126295045586,0.6714433859624002
149,0.5400175300895136,0.2826964032818841,12,1.9828077374616915,0.0036776091799930045,0.14225443458524642,0.6483631750092083
150,0.05075449734506626,0.4368317200188583,6,2.5261846399932266,0.029918052361125262,0.1569066443014487,0.6841253109782074
151,0.02513161227199712,0.35510790760744454,12,1.8014766548417631,0.02985754473840324,0.13236649954635135,0.7018228636127953
152,0.028705089016393417,0.3318807283205553,12,1.7912185901839512,0.02680866406709757,0.13309070415389226,0.700720264013954
153,0.15669827764722652,0.35882669197953826,12,2.067541027374183,0.011058458126817265,0.18022043088195241,0.7144705625934957
154,0.02528359049739119,0.40719245485211925,12,1.870727834021867,0.02981227070616711,0.14377407557893776,0.6781629252396872
155,0.031660344577813415,0.3967568186902017,12,1.8873076763502303,0.02513524410011382,0.14635879428411752,0.6898704564659196
156,0.02743433527648367,0.44981216594797047,11,2.1801379197614117,0.029743602159550124,0.1514528391443127,0.6728384016588141
157,0.02868189091571832,0.28612030015403656,12,2.017636142311853,0.02685400930816944,0.13942314330382674,0.7089358878473985
158,0.025284884065030502,0.38456180736348544,12,1.7233428012808816,0.029990842431248922,0.14496529659230611,0.673293220972418
159,0.031205142473917202,0.4786353715835365,12,1.7091144861724543,0.02537968547761914,0.1741205434262062,0.6542898089331868
160,0.4433480903274985,0.4106230191204994,12,1.831017619383253,0.004798351690484174,0.15470305718965358,0.6670546414038074
161,0.042737230181262936,0.3666074560982808,7,1.9138446888781404,0.029853637074204378,0.14377737365177107,0.6811317520807457
162,0.028590790309754588,0.3167922529882902,12,2.040641437582949,0.027079639417494923,0.13623015320853943,0.7249703409398479
163,0.02500827432590559,0.46612659779517246,12,1.7678653265271616,0.02992297449240716,0.13020087344479375,0.6938600499956505
164,0.02549621753733923,0.5336501014590577,12,1.7850251268218194,0.02984038143912146,0.14563800614897013,0.6937892795579802
165,0.02774266357599527,0.5452163732025476,12,1.7504665418214438,0.027344081573323905,0.13590410595154728,0.6980750255160396
166,0.026530116214907907,0.8062433945492861,12,1.6465705166273712,0.029968218994138835,0.5024491365828724,0.7136775376917656
167,0.028529144478843513,0.4786731806261882,12,2.358481698024837,0.02716618380579929,0.16037752363300964,0.6900564941149244
168,0.032389279076845405,0.4240205926752307,12,1.9418486632769438,0.024880371529178647,0.13210065455343772,0.7009735078058223
169,0.030067622887233816,0.5729030488959397,11,1.8161156991710674,0.02740922918326144,0.14523132873779648,0.6607752404890088
170,0.024750966446748877,0.27224211726695574,12,1.7010422305458983,0.029945014645344607,0.13904593661466538,0.6924863285050554
171,0.026818804211209062,0.2624778108996089,12,1.7028806246805746,0.027940304667717682,0.1392044743382884,0.692275941329119
172,0.024787468086145258,0.4718381279860857,12,1.8078226516762483,0.029821201208015152,0.1284745024713371,0.7071502553312298
173,0.02976621690382801,0.2958511845409239,12,1.631898931670795,0.02618203858695706,0.13072336632256798,0.6797548717360362
174,0.025618810082416284,0.7336089475386258,12,1.7854917482603851,0.02995886869132852,0.15188083521527523,0.7061225863756678
175,0.027038204236647954,0.394377797144129,12,1.5952869210881166,0.027968491229581602,0.1367921868492502,0.6892816921736424
176,0.025162890328998055,0.5230534951011518,12,1.8537504450846845,0.029980440584576287,0.16553545429389274,0.6965094505986411
177,0.3367254686376446,0.47943736572858064,12,1.864938671957359,0.0063614182796281294,0.12932001550649036,0.7138447518110153
178,0.03024983044557549,0.33627067352560625,12,1.725595971447052,0.025732131338086387,0.16849033544653036,0.7035813005874061
179,0.02731492789118049,0.6251927385434972,12,1.6619233016153234,0.02794591128406487,0.12104558185133905,0.6774424641205616
180,0.09383990208996419,0.39927414918836074,12,1.8967342865425625,0.014396327939989823,0.1400282017556972,0.6853859900871538
181,0.025092129147130576,0.5407418816507211,12,1.7984368501146526,0.029981794693089456,0.15366092811950083,0.6960731461860482
182,0.027269916396102333,0.5152434220827118,12,1.8422017131999773,0.028181858824878454,0.15830386212169043,0.7342424048402381
183,0.02521566917986152,0.4491859746593334,12,2.16817905281587,0.02989607564231298,0.15219725903084333,0.6964068276862518
184,0.028209388643862868,0.45876322848037293,12,2.2227977075598666,0.027024516769298054,0.15076481617626122,0.698122394245735
185,0.02709623875127527,0.591758828655417,12,1.5076526820579739,0.028263087783763262,0.16371879888970978,0.7147730718701109
186,0.029363869945257977,0.7456570661059597,12,2.431420613214968,0.026572505351410917,0.1435202882447926,0.7076357612597304
187,0.02509855432721455,0.4154552061113655,12,1.7163331893653204,0.029948114412654065,0.1535442589101174,0.7023014569320557
188,0.4720288118656152,0.5238316895952373,12,1.560013459637228,0.004423259902445626,0.15514854537643638,0.6970455917564301
189,0.028898545322250863,0.44875107278152954,11,1.959987515340734,0.028285649310843288,0.1683597689374853,0.7052960707003221
190,0.4113296483476212,0.2610205707252281,12,2.1363550790387547,0.005219072059580681,0.12925192134062127,0.7159124369592561
191,0.02520182415531084,0.38630526044608615,12,1.7353957456007825,0.029845514626737336,0.1502416654445674,0.6672859892857195
192,0.024714843811319213,0.31235313117914326,12,1.7654309535879102,0.029951161488413695,0.19851584600500946,0.6636428714130841
193,0.026663374646299993,0.3025753115099141,12,1.6125409570009572,0.02822734768442945,0.1774690438098969,0.6654014698032851
194,0.25468589188524465,0.6069836843638527,12,1.6953002497065957,0.00804915930892258,0.1922692538294202,0.699225332734522
195,0.0251645742026561,0.33018527474145887,12,1.779918828973647,0.029974350129974438,0.15850095946360493,0.6421067578909135
196,0.028444242958310384,0.005553198099152772,12,1.7724566446587808,0.02687910592837808,0.1623380146536284,0.6471362327304495
197,0.026541485360773973,0.4612332017071392,12,1.8171571255355683,0.02824021146871171,0.19875294022556436,0.6372212069286886
198,0.03159869042982932,0.862874157768815,12,1.6664784274738988,0.025152674784403615,0.22330813263774574,0.6249593280844425
199,0.6330196580677402,0.5391592310242591,12,1.5707922722554037,0.00278139168959294,0.18180716859148344,0.6863479082876501
