trial_number,value,batch_size,d_conv,d_model,d_state,dropout,expand,history_length,learning_rate,n_layers,weight_decay
0,0.3518757350799261,285,8,500,52,0.18510760878954233,4,161,0.0014889011773611535,7,0.0016664932632375609
1,0.3677545056241905,378,3,73,34,0.499811225394828,2,119,0.0007160216465750637,12,0.0024144862411165885
2,0.3704278353031281,300,6,279,55,0.16579468974877065,2,158,0.0010259907759202457,10,0.00083463680422764
3,0.37768279227891066,263,5,492,15,0.2376565364370976,3,43,0.0008005326179832648,2,0.002168072617243983
4,0.39378931838449094,141,4,391,13,0.39340103357717365,4,111,0.0006396161787435757,6,0.0019449187084788363
5,0.4028959273562883,353,4,102,11,0.10312574114836467,4,110,0.0005023967521797391,11,0.001531771622070968
6,0.37257990345430836,166,2,392,45,0.14785327879496685,3,89,0.000976706144493597,5,0.008115762750478414
7,0.38713295322842894,191,3,286,33,0.15870756554091928,2,145,0.0012829072443294829,11,0.006071772901169998
8,0.43211095370035413,350,5,138,56,0.2533169946070308,2,99,0.00042889021375335873,6,0.002841445973818233
9,0.34899858236312864,212,2,295,16,0.2980253052222222,4,170,0.0011933126846553192,8,0.0003897206079612745
10,0.3194377985393372,208,8,196,24,0.33709054266005967,4,191,0.0019236140907788744,9,0.00020469604552665168
11,0.4308115462781532,214,8,204,23,0.3442227799637236,4,190,0.0019881071548155074,9,0.00019974905795903456
12,0.42876907994681357,227,7,201,24,0.3147302779260026,3,187,0.0019828571216035117,8,0.0001991104548373197
13,0.36746731075769457,241,2,210,22,0.28283682234348373,4,171,0.0014150563374609583,4,0.00048370013546702485
14,0.3787080589786441,185,6,355,29,0.42405723437201115,3,142,0.0012385314578607746,9,0.00012166486072109667
15,0.4507259320064617,142,7,331,42,0.22145556602992708,4,63,0.0016123874613681091,8,0.0004555398537025706
16,0.3862055241159378,205,6,243,64,0.348126410466586,3,176,0.001062391737754885,9,0.0003699472693373455
17,0.5016322751580966,260,4,146,8,0.4981435555375374,4,134,0.0017408518205365348,3,0.00010744572321899248
18,0.3449239694373652,301,3,159,21,0.27882705328928736,4,192,0.00121245844169147,7,0.00023312163560068746
19,0.3604280576109886,309,3,161,28,0.39918826006767416,4,191,0.0008241858766657255,6,0.00019530295457727815
20,0.43195766317566164,327,7,69,40,0.20576413472991778,3,74,0.001683613851013671,7,0.0007385960676292197
21,0.3603203985615382,242,2,256,19,0.28633442032529327,4,170,0.0011744758808668117,8,0.00030930792498810476
22,0.3530183678595864,272,3,327,17,0.27105899092356966,4,153,0.0013359082756275785,10,0.0002642198819617799
23,0.3653917355373645,171,2,176,28,0.32418691339954425,4,180,0.0011212895316395737,8,0.0005419379730468707
24,0.3504233005892188,225,4,235,18,0.3072491658180285,4,167,0.0009083148473380329,5,0.00016557072408423425
25,0.366599285134721,286,3,118,8,0.38365832624039165,4,127,0.0014579236170850413,7,0.00027225321876201347
26,0.4381408645703008,240,2,175,21,0.20693149585404663,3,180,0.0017699882316879756,9,0.0006549225248821709
27,0.3716071420094311,199,5,222,27,0.2434010002295853,4,192,0.0006188051184963554,10,0.0010314879674682238
28,0.36152205526604686,165,8,313,13,0.35183167699988493,3,149,0.000946221895576499,5,0.0001263667647841119
29,0.3726803067732941,324,8,481,25,0.4441895127356267,4,161,0.0015579767488385435,7,0.001157842533949284
30,0.35513432057537914,278,3,448,33,0.12475297911163004,4,162,0.0011674457491749472,7,0.0003617882316158084
31,0.3045169989198692,221,4,247,16,0.3002430819332494,4,168,0.0008240374092544818,5,0.00015876196066227558
32,0.3557427256651547,222,4,259,18,0.28370194093859497,4,181,0.0007941036544491022,4,0.00015284683330645953
33,0.3646437379677989,180,3,302,15,0.25586960721411794,4,174,0.0007504826457203578,6,0.00025271092835952213
34,0.38760714533721435,205,5,186,37,0.19152773849925697,4,135,0.0006327728762560826,4,0.0001438688841103624
35,0.3861105442328982,251,4,272,11,0.3092766447853628,4,159,0.0008801514954484752,12,0.00020954430463329834
36,0.41160275907870825,290,3,115,31,0.22320391960742084,4,184,0.0007029927059438479,2,0.00010072877301275084
37,0.3729376256069303,151,2,363,20,0.36559809225649936,4,167,0.0005657451975666905,8,0.0003790737504959566
38,0.3921915876579396,232,6,96,13,0.271549411030646,2,36,0.0010522819487905483,11,0.00024773336870042423
39,0.3296365860058711,381,4,283,16,0.32198867098845807,3,120,0.0013807998120339822,6,0.00016032224853634834
40,0.3559598785799903,358,5,141,26,0.462012994907615,3,117,0.0014235382193476974,6,0.0036096193025019012
41,0.33266039691191407,382,4,291,16,0.3300378527107146,2,98,0.0013070794261739464,5,0.00015856048648833288
42,0.3121891339160434,368,4,279,15,0.32162905203939374,2,102,0.0013300263494806434,5,0.00015538602596843788
43,0.3896561501572469,378,4,273,12,0.32588379862905,2,91,0.0018587007190928961,5,0.00017058070108887655
44,0.3578835356606901,363,4,235,15,0.37490766948932425,2,100,0.0013215230256424938,5,0.00013144276840353796
45,0.3902933659875407,370,5,353,10,0.3314493900295393,2,71,0.001552706539897264,3,0.0001675964050348667
46,0.400400000792451,337,4,291,48,0.4022116296606353,2,105,0.001887642965845254,4,0.0001044370501928016
47,0.3980542602746383,384,4,321,16,0.2556711912014275,2,89,0.0009977774903307261,6,0.00031478400781219184
48,0.3125537448043753,340,5,398,24,0.30164466627615677,2,119,0.0013623154383962288,3,0.00019006833348254743
49,0.38939018309740686,340,5,403,31,0.23823492723278816,2,122,0.0016602500000887064,3,0.00019459056958684423
50,0.35819316763344916,368,6,419,23,0.4230941531379336,3,54,0.0014926724290403525,2,0.00012530485075642832
51,0.36784111675137043,349,5,216,20,0.36449800149364525,2,110,0.0013507640262089688,4,0.00015480780745144153
52,0.35906944368807436,384,7,264,24,0.30278102074531843,2,82,0.0010994932056662729,5,0.00021371333925878283
53,0.40678158194225006,370,4,194,10,0.3398710244493089,2,99,0.0012696059906901465,6,0.00030736223514478287
54,0.38857892785905107,355,4,341,14,0.3167485490219538,2,116,0.0008547217895137927,3,0.00017938692220400358
55,0.3874133806526109,343,5,512,17,0.29445298140017523,2,126,0.0013655763666703363,5,0.0001380904211803322
56,0.40475662261526163,327,7,369,22,0.26333769430136905,3,140,0.00040482001814712347,6,0.00011927459439718488
57,0.36630724991437064,314,4,304,36,0.34855284098564426,3,106,0.0015057841622370652,4,0.0004442272089997803
58,0.31994033198338867,377,6,245,19,0.3854665400667508,2,134,0.0009398217390048432,5,0.00022947878562397796
59,0.3782937185471829,362,6,245,20,0.4144692715836369,3,131,0.0007160203083492367,6,0.0002267540494712652
60,0.4001904724532717,372,5,251,25,0.47006681568852643,2,151,0.0009392706613822771,4,0.009200013498088177
61,0.3256680972005692,376,4,293,18,0.37003025239704596,2,115,0.0012405051931678511,5,0.00018364578475299676
62,0.38578032565491244,355,7,226,17,0.3905732221898486,2,121,0.0011122318939399535,5,0.0002837292052131852
63,0.3672674021250765,375,8,280,19,0.371135783166828,2,112,0.0012256503498031806,7,0.00019961493699794877
64,0.32056896817194275,344,5,210,23,0.35101956121309713,2,139,0.0011693357885673896,4,0.00011425879130469388
65,0.3797831071085814,218,6,209,30,0.35296832318622756,2,144,0.0010113496188860218,3,0.00011327139558525785
66,0.41352784881989163,334,6,183,22,0.4456182128933387,2,137,0.0007889326716833614,4,0.0001353571394216353
67,0.3533372419545113,194,5,156,26,0.40060038780764184,2,129,0.0011658068450458368,2,0.0002316288834633235
68,0.3597357136391341,207,5,462,58,0.29226874209043263,2,146,0.000674546464363554,3,0.005653964534196785
69,0.3603573213726526,350,6,195,23,0.16765957068750564,2,154,0.0009636070731868224,4,0.0016618083635351287
70,0.3671728711031481,314,3,227,28,0.3813416701961048,2,94,0.001082060015934364,5,0.0005751599234969499
71,0.36463062558834547,364,4,263,14,0.32064068134435864,2,106,0.001405293457082621,5,0.00017797017839474738
72,0.3648876473169891,345,5,238,19,0.3551107635670043,2,122,0.0012601772106419576,6,0.000145868963447168
73,0.3498972976865944,377,5,307,18,0.10356522522204915,2,115,0.0016050109914884452,5,0.00011483703257290563
74,0.35458998216523063,360,4,281,12,0.3057809286581281,3,125,0.0011510569815614336,4,0.00010007347838744092
75,0.38151251540381964,334,4,172,21,0.3408751894964101,2,131,0.0009026446279248257,6,0.00032278627931322287
76,0.44186659861070887,180,8,206,9,0.2823236593403814,2,138,0.001761949835898656,10,0.00018366144440344864
77,0.3908160724318944,250,4,251,14,0.33232345577286543,2,185,0.0007577501943908707,5,0.00025340706455633926
78,0.35839591030432905,367,3,321,24,0.3163469002610731,3,84,0.0010378919409177222,3,0.00014971091715516803
79,0.30207072214805947,298,5,426,16,0.36313451933794916,4,111,0.001207390111048131,7,0.001244021998598769
80,0.3870973790088032,319,5,384,22,0.43243537138987487,4,165,0.0008303364015331637,7,0.0011148601024425667
81,0.39678295275410963,270,5,431,16,0.366128207610201,4,104,0.0012062395913248227,7,0.0008764516783210715
82,0.340366487437432,378,4,450,12,0.3855878292308165,4,110,0.0013936413258370643,6,0.0013354847538604056
83,0.32189310738342064,293,6,408,18,0.4072716721666418,4,113,0.0012958554713532308,9,0.0014855245971157273
84,0.33676514837202753,297,7,408,18,0.4857408503870806,4,175,0.0014507507663526701,9,0.0023312110849706387
85,0.354304546377251,264,6,383,20,0.4057878904001327,4,114,0.001308078958280167,9,0.001354768897974513
86,0.34454595814082073,298,6,415,19,0.42813565486648447,4,102,0.001242510384034328,8,0.001804045301028157
87,0.4070507159175564,233,5,482,15,0.3600231021679688,4,108,0.0011107930258857771,8,0.0007885991154951452
88,0.428920803820632,129,5,437,27,0.3407680729350376,4,94,0.0004641762533773229,9,0.0009243990475222957
89,0.3365804184853261,304,6,217,17,0.26965889690203415,4,118,0.0011465035939987151,10,0.002796762985548477
90,0.34725010385800414,293,7,373,13,0.45089768680909753,4,134,0.0012894054429276466,12,0.0014085801387995582
91,0.33254955842779427,350,4,340,16,0.29926070390157905,4,119,0.0013548604275120048,5,0.0002051527577444989
92,0.36498969414585686,282,4,269,11,0.38729692078325595,4,124,0.0015544061993693907,4,0.002008531533749171
93,0.4575207971091218,213,3,466,21,0.33205319232179936,2,113,0.0016756383817756976,6,0.00016367670925769687
94,0.3627439110640771,373,4,398,15,0.3127478135139296,2,130,0.0012072954983796816,5,0.00013165361137638487
95,0.3289308049516654,381,5,289,18,0.3534128916559271,3,157,0.0014788158444525826,11,0.0012096690938815412
96,0.3870716384741553,358,5,429,24,0.3760277520865769,3,156,0.0019168885343025816,11,0.0012246156220520781
97,0.3681660438689373,332,5,295,18,0.41390179886964834,4,149,0.0018204129548615108,10,0.0015736126795166
98,0.3424297343160704,342,5,230,33,0.3529856068156085,2,157,0.0014789382577373854,11,0.0009941084275835298
99,0.36560913588844585,321,6,242,44,0.3727562534615353,4,172,0.0010675653580543736,10,0.0010774990028226497
